{"text": " Hello world have you ever seen a fizz buzz?", "segments": [{"id": 0, "seek": 0, "start": 0.0, "end": 5.0, "text": " Hello world have you ever seen a fizz buzz?", "tokens": [50365, 2425, 1002, 362, 291, 1562, 1612, 257, 283, 8072, 13036, 30, 50615], "temperature": 0.0, "avg_logprob": -0.4703437600816999, "compression_ratio": 0.8431372549019608, "no_speech_prob": 7.657097612218111e-13}], "language": "en"}